"Table 4: Components of population change by administrative area, mid-2018 to mid-2019",,,,,,,,,,,
,,,,,,,,,,,
"Area code1,2",Area name,"Estimated population
30 June 2018",Births,Deaths,Natural change,Estimated net civilian migration3,Other changes4,"Estimated population
30 June 2019",,Population change,
,,,,,,,,,,,
,,,,,,,,,,Number,%
S92000003,Scotland,"5,438,100","50,636","56,209","-5,573","30,200",573,"5,463,300",,"25,200",0.5
,Council areas,,,,,,,,,,
S12000033,Aberdeen City,"227,560","2,345","2,017",328,810,-28,"228,670",,"1,110",0.5
S12000034,Aberdeenshire,"261,470","2,567","2,438",129,-380,-9,"261,210",,-260,-0.1
S12000041,Angus,"116,040",976,"1,343",-367,490,37,"116,200",,160,0.1
S12000035,Argyll and Bute,"86,260",644,"1,074",-430,-70,110,"85,870",,-390,-0.5
S12000036,City of Edinburgh,"518,500","4,760","4,212",548,"5,910",-28,"524,930",,"6,430",1.2
S12000005,Clackmannanshire,"51,400",423,534,-111,150,101,"51,540",,140,0.3
S12000006,Dumfries and Galloway,"148,790","1,149","1,839",-690,730,30,"148,860",,70,0.0
S12000042,Dundee City,"148,750","1,432","1,667",-235,820,-15,"149,320",,570,0.4
S12000008,East Ayrshire,"121,840","1,135","1,452",-317,430,57,"122,010",,170,0.1
S12000045,East Dunbartonshire,"108,330",925,"1,066",-141,420,31,"108,640",,310,0.3
S12000010,East Lothian,"105,790","1,010",985,25,"1,270",5,"107,090",,"1,300",1.2
S12000011,East Renfrewshire,"95,170",854,870,-16,370,6,"95,530",,360,0.4
S12000014,Falkirk,"160,340","1,477","1,703",-226,730,46,"160,890",,550,0.3
S12000047,Fife,"371,910","3,411","4,004",-593,"2,300",-67,"373,550",,"1,640",0.4
S12000049,Glasgow City,"626,410","6,643","6,230",413,"6,270",27,"633,120",,"6,710",1.1
S12000017,Highland,"235,540","1,955","2,599",-644,980,-46,"235,830",,290,0.1
S12000018,Inverclyde,"78,150",661,"1,071",-410,80,-20,"77,800",,-350,-0.4
S12000019,Midlothian,"91,340","1,094",891,203,940,-23,"92,460",,"1,120",1.2
S12000020,Moray,"95,520",814,"1,054",-240,300,240,"95,820",,300,0.3
S12000013,Na h-Eileanan Siar,"26,830",189,341,-152,50,-8,"26,720",,-110,-0.4
S12000021,North Ayrshire,"135,280","1,046","1,669",-623,90,-7,"134,740",,-540,-0.4
S12000050,North Lanarkshire,"340,180","3,454","3,474",-20,"1,220",-10,"341,370",,"1,190",0.3
S12000023,Orkney Islands,"22,190",186,243,-57,150,-13,"22,270",,80,0.4
S12000048,Perth and Kinross,"151,290","1,218","1,623",-405,"1,030",35,"151,950",,660,0.4
S12000038,Renfrewshire,"177,790","1,697","1,914",-217,"1,520",7,"179,100",,"1,310",0.7
S12000026,Scottish Borders,"115,270",936,"1,301",-365,590,15,"115,510",,240,0.2
S12000027,Shetland Islands,"22,990",214,179,35,-90,-15,"22,920",,-70,-0.3
S12000028,South Ayrshire,"112,550",907,"1,397",-490,560,-10,"112,610",,60,0.1
S12000029,South Lanarkshire,"319,020","3,107","3,421",-314,"1,840",-16,"320,530",,"1,510",0.5
S12000030,Stirling,"94,330",746,967,-221,80,21,"94,210",,-120,-0.1
S12000039,West Dunbartonshire,"89,130",890,"1,033",-143,-60,3,"88,930",,-200,-0.2
S12000040,West Lothian,"182,140","1,771","1,598",173,710,77,"183,100",,960,0.5
,,,,,,,,,,,
,NHS Board areas,,,,,,,,,,
S08000015,Ayrshire and Arran,"369,670","3,088","4,518","-1,430","1,090",30,"369,360",,-310,-0.1
S08000016,Borders,"115,270",936,"1,301",-365,590,15,"115,510",,240,0.2
S08000017,Dumfries and Galloway,"148,790","1,149","1,839",-690,730,30,"148,860",,70,0.0
S08000029,Fife,"371,910","3,411","4,004",-593,"2,300",-67,"373,550",,"1,640",0.4
S08000019,Forth Valley,"306,070","2,646","3,204",-558,960,168,"306,640",,570,0.2
S08000020,Grampian,"584,550","5,726","5,509",217,730,203,"585,700",,"1,150",0.2
S08000031,Greater Glasgow and Clyde,"1,174,980","11,670","12,184",-514,"8,600",54,"1,183,120",,"8,140",0.7
S08000022,Highland,"321,800","2,599","3,673","-1,074",910,64,"321,700",,-100,0.0
S08000032,Lanarkshire,"659,200","6,561","6,895",-334,"3,060",-26,"661,900",,"2,700",0.4
S08000024,Lothian,"897,770","8,635","7,686",949,"8,830",31,"907,580",,"9,810",1.1
S08000025,Orkney,"22,190",186,243,-57,150,-13,"22,270",,80,0.4
S08000026,Shetland,"22,990",214,179,35,-90,-15,"22,920",,-70,-0.3
S08000030,Tayside,"416,080","3,626","4,633","-1,007","2,350",47,"417,470",,"1,390",0.3
S08000028,Western Isles,"26,830",189,341,-152,50,-8,"26,720",,-110,-0.4
,,,,,,,,,,,
Footnotes,,,,,,,,,,,
1) Area codes refer to the 2019 Council areas and 2019 NHS Board areas. ,,,,,,,,,,,
"2) Population estimates for mid-2018 are based on the 2018 Council areas and NHS Board areas, whereas mid-2019 population estimates are based on the 2019 Council areas and NHS Board areas. The 2019 areas differ from the previous areas due to a boundary change at Cardowan by Stepps, between Glasgow and North Lanarkshire council areas (Greater Glasgow and Clyde and Lanarkshire health board areas). The boundary change resulted in approximately 400 people transferring from Glasgow to North Lanarkshire. These moves have been accounted for as migration within Scotland.",,,,,,,,,,,
,,,,,,,,,,,
,,,,,,,,,,,
,,,,,,,,,,,
,,,,,,,,,,,
"3) Estimated net civilian migration includes movements within Scotland, the rest of the UK and overseas. Moves to and from armed forces are included in 'other changes'. Net migration totals have been rounded to the nearest ten at administrative area level, and the nearest hundred at national level. This may result in the sum of administrative area data differing from the national totals.",,,,,,,,,,,
,,,,,,,,,,,
,,,,,,,,,,,
"4) Includes changes in the number of prisoners, armed forces stationed in Scotland and a rounding adjustment.",,,,,,,,,,,
,,,,,,,,,,,
� Crown copyright 2020,,,,,,,,,,,
,,,,,,,,,,,
