"Table 10: Births and deaths at mid-year, Scotland, mid-2009 to mid-2019",,,,,,,,,,
,,,,,,,,,,
"Year to 
30 June",Births,Deaths,"Natural change 
(births minus deaths)",,,,,,,
,,,,,,,,,,
2009,"59,300","54,700","4,600",,,,,,,
2010,"58,900","53,700","5,200",,,,,,,
2011,"58,800","54,000","4,800",,,,,,,
2012,"58,500","54,200","4,200",,,,,,,
2013,"56,800","55,900",900,,,,,,,
2014,"56,100","52,600","3,500",,,,,,,
2015,"55,800","57,800","-2,000",,,,,,,
2016,"55,300","56,100",-800,,,,,,,
2017,"53,400","57,200","-3,800",,,,,,,
2018,"52,200","59,900","-7,700",,,,,,,
2019,"50,600","56,200","-5,600",,,,,,,
,,,,,,,,,,
Notes,,,,,,,,,,
"Counts of births and deaths at mid-year feed into the population estimates. They are based on provisional data before vital events data is finalised for the year, however it is unlikely there has been much change between the provisional and final counts. Data is rounded to the nearest 100.",,,,,,,,,,
,,,,,,,,,,
,,,,,,,,,,
,,,,,,,,,,
"For time series tables of births and deaths by calendar year, please visit the Vital Events section of the NRS website.",,,,,,,,,,
,,,,,,,,,,
,,,,,,,,,,
� Crown Copyright 2020,,,,,,,,,,
