"Table 8: Rest of UK / Overseas moves and total resident population of Scotland by age group, mid-2018 to mid-2019",,,,,,,,,,,,,,,,,,,,,
,,,,,,,,,,,,,,,,,,,,,
"Movements between Scotland and the rest of the UK1,2",,,,,,,,,,,,,,,,,,,,,
,0-15,,16-24,,25-34,,35-44,,45-54,,55-64,,65-74,,75-84,,85+,,All ages,,
,N,%,N,%,N,%,N,%,N,%,N,%,N,%,N,%,N,%,N,%,
IN,"6,269",13,"11,346",24,"11,346",24,"6,242",13,"4,754",10,"4,105",9,"2,185",5,817,2,391,1,"47,455",100,
OUT,"4,158",11,"9,363",25,"11,067",30,"4,545",12,"3,102",8,"2,529",7,"1,580",4,703,2,362,1,"37,409",100,
NET,"2,111",,"1,983",,279,,"1,697",,"1,652",,"1,576",,605,,114,,29,,"10,046",,
,,,,,,,,,,,,,,,,,,,,,
"Movements between Scotland and Overseas (including asylum seekers & refugees)2,3",,,,,,,,,,,,,,,,,,,,,
,0-15,,16-24,,25-34,,35-44,,45-54,,55-64,,65-74,,75-84,,85+,,All ages,,
,N,%,N,%,N,%,N,%,N,%,N,%,N,%,N,%,N,%,N,%,
IN,"5,513",14,"14,690",37,"11,786",30,"4,337",11,"1,842",5,"1,011",3,513,1,164,0,44,0,"39,900",100,
OUT,"2,479",13,"5,005",25,"6,842",35,"2,412",12,"1,320",7,875,4,491,2,191,1,85,0,"19,700",100,
NET,"3,034",,"9,685",,"4,944",,"1,925",,522,,136,,22,,-27,,-41,,"20,200",,
,,,,,,,,,,,,,,,,,,,,,
Total net migration (including asylum seekers & refugees)2,,,,,,,,,,,,,,,,,,,,,
,0-15,,16-24,,25-34,,35-44,,45-54,,55-64,,65-74,,75-84,,85+,,All ages,,
,N,,N,,N,,N,,N,,N,,N,,N,,N,,N,,
NET,"5,145",,"11,668",,"5,223",,"3,622",,"2,174",,"1,712",,627,,87,,-12,,"30,246",,
,,,,,,,,,,,,,,,,,,,,,
Age distribution of the mid-2019 resident population of Scotland,,,,,,,,,,,,,,,,,,,,,
,0-15,,16-24,,25-34,,35-44,,45-54,,55-64,,65-74,,75-84,,85+,,All ages,,
,N,%,N,%,N,%,N,%,N,%,N,%,N,%,N,%,N,%,N,%,
Total,"921,397",17,"573,722",11,"751,718",14,"671,954",12,"762,548",14,"737,816",14,"578,300",11,"338,758",6,"127,087",2,"5,463,300",100,
,,,,,,,,,,,,,,,,,,,,,
Footnotes,,,,,,,,,,,,,,,,,,,,,
1) National Health Service Central Register (NHSCR) patient movements mid-2018 to mid-2019.,,,,,,,,,,,,,,,,,,,,,
2) The migration figures in this table are not rounded unlike other tables in this publication and are provided to allow users to compare age breakdowns. The fact that they are unrounded does not suggest they are of a higher level of accuracy than rounded statistics. ,,,,,,,,,,,,,,,,,,,,,
,,,,,,,,,,,,,,,,,,,,,
"3) Totals are based primarily on International Passenger Survey (IPS) data. However, the sample size in Scotland is too small to give an age breakdown so an age distribution is assumed using NHSCR data. ",,,,,,,,,,,,,,,,,,,,,
,,,,,,,,,,,,,,,,,,,,,
,,,,,,,,,,,,,,,,,,,,,
� Crown Copyright 2020,,,,,,,,,,,,,,,,,,,,,
,,,,,,,,,,,,,,,,,,,,,
,,,,,,,,,,,,,,,,,,,,,
,,,,,,,,,,,,,,,,,,,,,
